product_code,title,description,hashtags,features,price,url
AAP202250902TWA,방콕/파타야 5일 #첫여행추천 #5성호텔 #니모섬스노클링 #파타야쇼 #핫플레스토랑 #빅C마트,"방콕&파타야를 처음 방문하시거나 왕궁, 니모섬 등의 핵심관광지를 제대로 즐기고 싶은 분들에게 추천하는 상품입니다.",#관광+자유#관광 #관광 #신비로운니모섬#아름다운방콕#여유로운휴식#방콕파타야여행#니모섬스노클링#파타야핫플여행#파타야핫플레스토랑#농눅빌리지체험#아시아티크야경투어,"3박 5일, LCC, 쇼핑없음, 단체여행, 가이드경비없음, 선택관광있음","749,000",https://hope.hanatour.com/trp/pkg/CHPC0PKG0200M200?pkgCd=AAP202250902TWA&prePage=major-products
AAP200250906TWL,[출발확정][타임세일] 방콕/파타야 5일 #가볍게떠나는여행#무앙보란#농눅빌리지#산호섬#아시아티크,※알찬 가격으로 방콕/파타야 핵심 관광지를 모두 체험하는 일정입니다.,#관광 #관광 #태국의문화탐방#설레는여행#황홀한바다#방콕파타야여행#무앙보란관광#산호섬물놀이#아시아티크야시장#농눅빌리지체험#파타야수상시장,"3박 5일, LCC, 쇼핑 3회, 단체여행, 가이드경비 USD 50, 선택관광있음","249,000",https://hope.hanatour.com/trp/pkg/CHPC0PKG0200M200?pkgCd=AAP200250906TWL&prePage=major-products
ACP200250901OZ1,치앙마이/치앙라이 5일#가성비추천 #3色사원 #4성급호텔#핵심일정#코끼리 먹이주기 체험,합리적인 가격으로 태국 치앙마이 및 치앙라이 지역의 핵심일정을 즐길 수 있는 상품입니다.,#지속가능한 여행 #관광 #아름다운태국의풍경#여유로운여행시간#설레는가이드미팅#치앙마이여행#태국관광명소#골든트라이앵글투어#왓프라탓도이수텝#백색사원#청색사원투어,"3박 5일, 국적기, 쇼핑 3회, 단체여행, 가이드경비 USD 50, 선택관광있음","499,000",https://hope.hanatour.com/trp/pkg/CHPC0PKG0200M200?pkgCd=ACP200250901OZ1&prePage=major-products
APP2302509017CM,[스마트 초이스] 보홀 5일 #헤난타왈라 #전신마사지 #다이빙강습 #알로나비치 #보홀시티투어 #리조트디너 #특식2회,"온전한 대자연의 땅, 나무, 바다. 이토록 뻔한 자연이 주는 매일매일의 참신함. 나를 나답게 여행을 여행답게 만드는 보홀을 만나 보세요.",#휴양+레저 #관광 #여유로운해변일출#설레는여행추억#편안한휴식시간#필리핀여행#보홀체험투어#보홀관광명소#헤난타왈라리조트#보홀고래상어투어#오션디스커버리호핑,"3박 5일, LCC, 쇼핑 2회, 단체여행, 자유일정포함, 가이드경비 USD 50, 선택관광있음","459,000",https://hope.hanatour.com/trp/pkg/CHPC0PKG0200M200?pkgCd=APP2302509017CM&prePage=major-products
APP2382509017CE,보홀 5일 #라메디 #신규오픈 #다이빙강습 #알로나비치 #보홀시티투어 #특식2회,"온전한 대자연의 땅, 나무, 바다. 이토록 뻔한 자연이 주는 매일매일의 참신함. 나를 나답게 여행을 여행답게 만드는 보홀을 만나 보세요.",#휴양+레저 #관광 #여유로운여행#편안한물놀이#감탄을자아내는해변#보홀여행#필리핀체험다이빙#보홀알로나비치#라메디리조트#보홀고래상어투어#보홀국립박물관관람,"3박 5일, LCC, 쇼핑 2회, 단체여행, 자유일정포함, 가이드경비 USD 50, 선택관광있음","199,000",https://hope.hanatour.com/trp/pkg/CHPC0PKG0200M200?pkgCd=APP2382509017CE&prePage=major-products
AVP231250901LJA,[출발확정/한정특가] 다낭 5일 #시내 4성호텔 #바나힐 테마파크 #호이안 #전신마사지 #캔들라이트 디너,"바나힐 테마파크, 호이안, 시내명소까지 다낭의 핵심 관광지를 둘러보는 실속 패키지입니다.",#관광 #관광 #여유로운휴식#두근두근여행#환상적인풍경#다낭여행필수코스#호이안투어추천#바나힐체험#다낭맛집투어#호이안올드타운#바나힐테마파크,"3박 5일, LCC, 쇼핑 3회, 단체여행, 가이드경비 USD 40, 선택관광있음","259,000",https://hope.hanatour.com/trp/pkg/CHPC0PKG0200M200?pkgCd=AVP231250901LJA&prePage=major-products
AVP231250901LJE,[출발확정] 다낭 5일 #M호텔 #미케비치 신규5성 #바나힐 테마파크 #호이안 #스톤마사지 #다낭타워 씨푸드,"미케비치 앞 신규 오픈한 5성급 M호텔 숙박과 다낭&호이안 핵심 관광, 다낭타워 씨푸드 특식이 포함된 상품입니다.",#관광 #관광 #환상적인풍경#여유로운하루#맛있는여행#다낭여행특가#호이안관광코스#바나힐체험여행#다낭M호텔#호이안올드타운투어#바나힐테마파크,"3박 5일, LCC, 쇼핑 3회, 단체여행, 가이드경비 USD 40, 선택관광있음","449,000",https://hope.hanatour.com/trp/pkg/CHPC0PKG0200M200?pkgCd=AVP231250901LJE&prePage=major-products
AVP209250901VJW,[출발확정]하노이/하롱베이 5일 #맛있는여행 #전일정5성호텔UP #메가그랜드월드 #해안도로산책 #데이크루즈&런치뷔페 #1일1간식 #루프탑바푸드트럭,전일정 엄선한 5성급 호텔에서 숙박하며 하롱베이에서는 크루즈를 탑승하여 그림같은 풍경을 즐길 수 있습니다.베트남의 대표적인 음식과 간식이 두루 포함되어 있는 맛있는 여행입니다!,#관광 #맛있는여행#행복한추억#여유로운하루#하노이여행#하롱베이관광#베트남미식여행#하롱베이프리미엄크루즈#소수민족박물관탐방#하노이예술거리,"3박 5일, 외국항공, 쇼핑 3회, 단체여행, 가이드경비 USD 40, 선택관광있음","369,000",https://hope.hanatour.com/trp/pkg/CHPC0PKG0200M200?pkgCd=AVP209250901VJW&prePage=major-products
ATP3202509017CQ,[공식인증전용] 대만/야류/지우펀 3박 5일#화산1914 #단수이#스펀천등날리기,실속있는 요금으로 즐기는 대만 여행 상품입니다.,#관광 #관광 #도심속여유#설레는여행#해외여행의감동#대만여행추천#부산타이베이여행#관광명소탐방#단수이홍마오청#야류해양국립공원#국립고궁박물관,"3박 5일, LCC, 쇼핑 2회, 단체여행, 가이드경비 USD 40, 선택관광있음","449,900",https://hope.hanatour.com/trp/pkg/CHPC0PKG0200M200?pkgCd=ATP3202509017CQ&prePage=major-products
ATP214250901LJB,대만/야류/지우펀/우라이 4일 #101타워#케이블카#발마사지#까르푸자유쇼핑,"하나투어가 엄선한 호텔과 다양한 특식, 타이페이 랜드마크인 101타워 전망대까지 포함된 대만 BEST OF BEST 상품입니다.",#관광 #관광 #미식의향연#편안한여정#설레는여행기억#대만여행추천#타이베이에이전시투어#전통미식여행#지우펀야경투어#국립고궁박물관방문#우라이마을탐방,"3박 4일, LCC, 쇼핑없음, 단체여행, 가이드경비없음, 선택관광있음","819,900",https://hope.hanatour.com/trp/pkg/CHPC0PKG0200M200?pkgCd=ATP214250901LJB&prePage=major-products
AKP115250815ZEC,[청주출발][석조패턴][핫플레이스] 제주 4일#노팁&노옵션#산방산유람선&송악산둘레길 or 가파도#워터서커스#금오름#산양큰엉곶#제주시내 4성급 호텔,제주도 핫플 총집합. 실속있는 가격으로 제주도의 HOT한 볼거리&놀거리&맛거리를 부담없이 즐겨보세요~,#관광 #관광,"3박 4일, LCC, 쇼핑 3회, 단체여행, 가이드경비없음, 선택관광없음","549,000",https://hope.hanatour.com/trp/pkg/CHPC0PKG0200M200?pkgCd=AKP115250815ZEC&prePage=major-products
AKP211250816BXB,[부산출발][다드림] 제주 3일 #BEST추천여행 #베스트웨스턴호텔 #편백숲체험 #산방산유람선 #스카이워터쇼 #오션뷰카페커피한잔 #여름,"가족, 부모님 추천 제주 여행 상품",#관광 #관광,"2박 3일, LCC, 쇼핑없음, 단체여행, 가이드경비없음, 선택관광없음","689,000",https://hope.hanatour.com/trp/pkg/CHPC0PKG0200M200?pkgCd=AKP211250816BXB&prePage=major-products
AKP200250815BXG,[부산출발][출발확정/실속여행] 제주 3일 #우도품은제주여행 #오설록아이스크림제공 #카멜리아힐 #식사ALL포함 #섬여행 #여름 #수국,제주 실속형 일정과 추천 숙박으로 알찬 식사를 제공하는 상품입니다.,#관광 #관광,"2박 3일, LCC, 쇼핑 3회, 단체여행, 가이드경비 KRW 10000, 선택관광있음","479,000",https://hope.hanatour.com/trp/pkg/CHPC0PKG0200M200?pkgCd=AKP200250815BXG&prePage=major-products
AKP230250816ZEG,[출발확정/섬섬투어] 제주 3일 #가파도 or 마라도 택1 #오설록아이스크림제공 #식사ALL포함 #여름,제주 속 섬의 매력에 풍덩~ 가파도/마라도 그리고 우도를 여행하는 상품입니다.,#관광 #관광,"2박 3일, LCC, 쇼핑 3회, 단체여행, 가이드경비 KRW 10000, 선택관광있음","559,000",https://hope.hanatour.com/trp/pkg/CHPC0PKG0200M200?pkgCd=AKP230250816ZEG&prePage=major-products
AKP113250815BXP,[부산출발][제주완전정복] 제주 3일#노팁&노옵션#차귀도관광 #드라마촬영지#오션뷰카페(커피제공) #곶자왈,낭만의 섬 차귀도 관광이 포함된 노팁&노옵션 제주도 여행상품입니다.,#관광 #관광,"2박 3일, LCC, 쇼핑 2회, 단체여행, 가이드경비없음, 선택관광없음","554,000",https://hope.hanatour.com/trp/pkg/CHPC0PKG0200M200?pkgCd=AKP113250815BXP&prePage=major-products
AKP150250816KEU,[1인부터출발확정][대한항공연합상품] 제주 3일#우도+마라도 #아이바가든 #노팁&노옵션 #ALL식사포함,하나투어 단독 상품이 아닌 대한항공을 이용하는 연합 상품입니다. 가이드님 정보 등 최종 투어 관련 확인 사항은 출발일 1~2일 전 안내드리오니 참고 부탁드립니다.,#관광,"2박 3일, 국적기, 쇼핑 3회, 단체여행, 가이드경비없음, 선택관광없음","585,000",https://hope.hanatour.com/trp/pkg/CHPC0PKG0200M200?pkgCd=AKP150250816KEU&prePage=major-products
AKP212250816ZET,[서귀포 힐링로드] 제주 3일 #남부 집중탐방 #서귀포 디아일랜드블루호텔 #샹그릴라요트투어 #환상숲곶자왈 #족욕체험 #여름,"가족, 부모님 추천 제주 여행 상품",#관광 #관광,"2박 3일, LCC, 쇼핑없음, 단체여행, 가이드경비없음, 선택관광없음","729,000",https://hope.hanatour.com/trp/pkg/CHPC0PKG0200M200?pkgCd=AKP212250816ZET&prePage=major-products
AKP1122508167CG,[출발확정][핫플&가파도] 제주 3일#노팁&노옵션#가파도#아이바가든#금오름#워터서커스#제주시내호텔,제주도 핫플 총집합. 실속있는 가격으로 제주도의 HOT한 볼거리&놀거리&맛거리를 부담없이 즐겨보세요~,#관광 #관광,"2박 3일, LCC, 쇼핑 3회, 단체여행, 가이드경비없음, 선택관광없음","439,000",https://hope.hanatour.com/trp/pkg/CHPC0PKG0200M200?pkgCd=AKP1122508167CG&prePage=major-products
AKP1002508157C1,[출발확정][광복절연휴 좌석확보][제주자연힐링] 제주 3일#김포출발 #노팁/노쇼핑/노옵션 #품격여행 #특식제공,"사라봉의 저녁 낙조,산방산 등 제주도의 아름다운 자연 경관을 다시 보고 느낄 수 있는 일정입니다.",#관광 #관광,"2박 3일, LCC, 쇼핑없음, 단체여행, 가이드경비없음, 선택관광없음","789,000",https://hope.hanatour.com/trp/pkg/CHPC0PKG0200M200?pkgCd=AKP1002508157C1&prePage=major-products
AKP201250815ZEG,[알찬 제주일주] 제주 3일#노팁 #노옵션 #오설록 아이스크림제공 #산방산유람선 #송당 동화마을 #돔베고기쌈밥 #갈치조림 #전일정식사포함,"핵심 관광지부터 맛있는 먹거리까지, 알찬 일정으로 가장 제주다운 여행을 경험하세요!",#관광 #관광,"2박 3일, LCC, 쇼핑 3회, 단체여행, 가이드경비없음, 선택관광없음","579,000",https://hope.hanatour.com/trp/pkg/CHPC0PKG0200M200?pkgCd=AKP201250815ZEG&prePage=major-products
AKP32825082000A,"[서울역KTX포함][강릉항/독도포함] 울릉도 3일#대아리조트 #육로일주관광(A,B코스) #명이쌈밥정식","서울역-강릉항 왕복 KTX포함 상품입니다. 울릉도 대아리조트에서 숙박하며, 독도 및 육로관광 A/B코스가 포함된 일정으로 되어있습니다.",#관광,"2박 3일, 항공없음, 쇼핑 3회, 단체여행, 가이드경비없음, 선택관광있음","549,000",https://hope.hanatour.com/trp/pkg/CHPC0PKG0200M200?pkgCd=AKP32825082000A&prePage=major-products
AKP31025081500A,"[강릉/묵호항/독도포함] 울릉도 3일 #호텔급 #육로일주관광(A,B코스) #예림원",울릉도 호텔급 숙소에서 숙박합니다. 육로관광 A/B코스와 독도포함이며 예림원 입장 및 카페울라를 경유하는 일정으로 되어있습니다.,#관광+자유 #관광,"2박 3일, 항공없음, 쇼핑 3회, 단체여행, 자유일정포함, 가이드경비없음, 선택관광있음","519,000",https://hope.hanatour.com/trp/pkg/CHPC0PKG0200M200?pkgCd=AKP31025081500A&prePage=major-products
AKP600250816001,[연합상품][지원특가]울진/영덕/포항/경주 2일#동해안7번국도 #울진불영사 #포항해맞이공원 #경주신라왕경투어,가장 아름다운 국도로 알려진 동해안 국도를 따라 떠나는 경북 여행~!,#관광,"1박 2일, 항공없음, 쇼핑없음, 단체여행, 가이드경비없음, 선택관광없음","139,000",https://hope.hanatour.com/trp/pkg/CHPC0PKG0200M200?pkgCd=AKP600250816001&prePage=major-products
AKP601250822001,[연합상품]거제/통영/남해/여수/전주 3일 #한려수도완전일주 #호텔숙박 #특별미,편안한 호텔에서 숙박하고 지역의 특별미와 함께하는 명품 여행!,#관광,"2박 3일, 항공없음, 쇼핑없음, 단체여행, 가이드경비없음, 선택관광없음","355,000",https://hope.hanatour.com/trp/pkg/CHPC0PKG0200M200?pkgCd=AKP601250822001&prePage=major-products
AKP767250815001,[연합상품][KTX]부산 2일 #해변열차 #흰여울문화마을 #호텔1박,"항구도시 부산의 화려한 명소들을 1박2일간 둘러볼 수 있는 일정으로 이기대, 해변열차 등 다양한 부산의 즐길거리, 놀거리를 경험할 수 있습니다.",#관광,"1박 2일, 항공없음, 쇼핑없음, 단체여행, 선택관광있음","349,000",https://hope.hanatour.com/trp/pkg/CHPC0PKG0200M200?pkgCd=AKP767250815001&prePage=major-products
AKP907250820001,[연합상품][KTX] 여수 2일 #호텔숙박 #여수별미 #다도해 #금오도비렁길,"여수의 별미 다 모였다! 여수의 아름다움이 담긴 오동도와 장도, 금오도 섬에서 힐링하고 전라남도의 맛을 제대로 보여주는 다도해 여수의 매력에 흠뻑 빠져보세요~!",#관광,"1박 2일, 항공없음, 쇼핑없음, 단체여행, 선택관광없음","329,000",https://hope.hanatour.com/trp/pkg/CHPC0PKG0200M200?pkgCd=AKP907250820001&prePage=major-products
AKP662250816000,[지원특가/리무진버스]보성/순천/고흥 2일 #시크릿가든 #보성 대한다원 #순천 선암사 #고흥 쑥섬,나만알고 싶은 시크릿 가든 전라남도,#관광,"1박 2일, 항공없음, 쇼핑없음, 단체여행, 가이드경비없음, 선택관광없음","245,000",https://hope.hanatour.com/trp/pkg/CHPC0PKG0200M200?pkgCd=AKP662250816000&prePage=major-products
AKP644250816001,[연합상품]남해 2일 #보물섬남해 #보리암 #독일마을 #다랭이마을 #토피아랜드,손에 잡힐 듯한 푸른바다 위 삼천포 대교 드라이브와 한려해상과 기암괴석의 절경 보리암을 감상 등 남해 명소를 골라 투어하는 남해 2일 상품입니다.,#관광,"1박 2일, 항공없음, 쇼핑없음, 단체여행, 선택관광없음","165,000",https://hope.hanatour.com/trp/pkg/CHPC0PKG0200M200?pkgCd=AKP644250816001&prePage=major-products
AKP91125081900A,[연합상품][인천항/주중섬나들이특가] 백령도 2일 #두무진유람선 #심청각 #사곶해변 #콩돌해안가 #국가지질명소 #인천연안여객터미널 집결,"서해 청정지역, 자연그대로를 간직한 아름다운 섬 백령도 1박2일 상품입니다.",#관광,"1박 2일, 항공없음, 쇼핑 1회, 단체여행, 선택관광없음","210,000",https://hope.hanatour.com/trp/pkg/CHPC0PKG0200M200?pkgCd=AKP91125081900A&prePage=major-products
AKP714250820001,[연합상품][KTX]경주/포항 2일 #황리단길 #불국사 #포항스페이스워크,"천년고도 경주 불국사, 핫플레이스 황리단길, 떠오르는 관광지 포항스페이스워크까지 이용하는 1박2일 여행입니다.",#관광,"1박 2일, 항공없음, 쇼핑없음, 단체여행, 선택관광없음","269,000",https://hope.hanatour.com/trp/pkg/CHPC0PKG0200M200?pkgCd=AKP714250820001&prePage=major-products
HHP100250901YP1,[이달의 특가] 하와이 6일 #와이키키리조트 #시티뷰 #2일관광 #와이켈레 아웃렛 쇼핑 자유시간,하와이 이달의 특가 상품입니다.,#관광+자유 #관광 #햇살가득여행#로맨틱한호캉스#여행의설렘#하와이여행#호놀룰루관광#여행코스추천#와이키키리조트호텔#다이아몬드헤드관광#스타오브호놀룰루크루즈,"4박 6일, LCC, 쇼핑 1회, 단체여행, 자유일정포함, 가이드경비 USD 60, 선택관광있음","1,679,000",https://hope.hanatour.com/trp/pkg/CHPC0PKG0200M200?pkgCd=HHP100250901YP1&prePage=major-products
HHB102250901YP6,하와이 6일 #하얏트리젠시 #시티뷰 #공항↔호텔 셔틀포함 #에어텔,와이키키에서 가장 큰 객실을 보유하고 있는 하얏트리젠시는 편안함을 누릴 수 있는 대표적 특급호텔입니다. 리조트피가 포함되었으며 공항<->호텔까지 송영서비스를 포함하여 자유여행에 편안함을 추가하였습니다.,#관광 #자유로운하와이#행복한여행일정#편안한여유시간#노쇼핑여행#자유여행추천#하와이여행필수코스#호놀룰루투어#와이키키호텔#오아후섬투어,"4박 6일, LCC, 쇼핑없음, 단체여행, 자유일정포함, 선택관광있음","1,743,500",https://hope.hanatour.com/trp/pkg/CHPC0PKG0200M200?pkgCd=HHB102250901YP6&prePage=major-products
HHB146250901YP6,[4인가족상품] 하와이 6일 #애스톤와이키키선셋 #원베드룸스탠다드룸 #레지던스스타일 #공항↔호텔 셔틀포함 #에어텔,알로하! 지상 낙원 하와이에서 나만의 여행을 만들어보세요!,#관광 #가족과함께하는힐링#설레는하와이여행#자유롭게즐기는하와이#하와이자유여행#호놀룰루투어#가족여행추천#ASTONWAIKIKISUNSET#오아후섬투어#와이키키호텔셔틀,"4박 6일, LCC, 쇼핑없음, 단체여행, 자유일정포함, 선택관광있음","1,329,000",https://hope.hanatour.com/trp/pkg/CHPC0PKG0200M200?pkgCd=HHB146250901YP6&prePage=major-products
HWP133250905YP8,[출발확정] 미서부 5대캐년 + 3대도시 8일 #노쇼핑 #가이드/기사경비포함 #2대도시 특급호텔 #리무진 야경투어 #요세미티 국립공원,"미서부 3대도시 LA /라스베이거스/샌프란시스코 및 그랜드/브라이스/자이언/앤텔롭/ 호스슈의 5대 캐년, 미서부의 금강산 요세미티 국립공원을 빠짐없이 모두 만나보는 상품입니다.",#관광 #관광 #환상적인일출#멋진풍경속여행#자연속힐링여행#미서부관광#라스베이거스여행#요세미티국립공원#앤텔로프캐년관광#그랜드캐년투어#자이언캐년탐방,"6박 8일, LCC, 쇼핑없음, 단체여행, 가이드경비없음, 선택관광있음","4,199,000",https://hope.hanatour.com/trp/pkg/CHPC0PKG0200M200?pkgCd=HWP133250905YP8&prePage=major-products
HWP163250901YPS,미서부 5대캐년 + 모뉴먼트밸리 완전일주 10일 #LAS VEGAS 중심가 2박 #모뉴먼트밸리 #앤텔롭캐년 #호스슈 #3대 도시,"미서부 3대도시 LA /라스베이거스/샌프란시스코 및 그랜드/브라이스/자이언의 3대 캐년과 모뉴먼트 밸리, 요세미티 국립공원까지 빠짐없이 둘러보는 상품입니다.",#관광 #관광 #환상적인자연경관#로맨틱한LA여행#여유로운휴식시간#미서부여행#라스베이거스관광#5대캐년여행#앤텔로프캐년탐방#모뉴먼트밸리관광#그랜드캐년관광,"8박 10일, LCC, 쇼핑 1회, 단체여행, 가이드경비 USD 200, 선택관광있음","3,199,000",https://hope.hanatour.com/trp/pkg/CHPC0PKG0200M200?pkgCd=HWP163250901YPS&prePage=major-products
HEP102250905KEA,[출발확정]미동부 캐나다 10일 #나이아가라크루즈 #자유의여신상 #원월드전망대 #우드버리아울렛,"자유의 여신상 크루즈, 원월드 트레이드 센터 등 뉴욕의 랜드마크 및 나이아가라, 퀘벡의 아름다운 경치를 즐길 수 있는 미동부 실속여행 상품입니다.",#관광 #관광 #뉴욕의하루#나이아가라의경이로움#퀘벡의아름다움#미동부캐나다여행#뉴욕관광코스#나이아가라크루즈#자유의여신상관람#몬트리올관광투어#토론토시티크루즈,"8박 10일, 국적기, 쇼핑 2회, 단체여행, 가이드경비 USD 175, 선택관광있음","4,799,000",https://hope.hanatour.com/trp/pkg/CHPC0PKG0200M200?pkgCd=HEP102250905KEA&prePage=major-products
HEP112250906OZA,[출발확정]미동부 캐나다 10일 #퀘벡시내숙박 #특급호텔폭포뷰 #3대유람선탑승,"세계의 경제 중심지 뉴욕, 세계 3대 폭포 나이아가라, 공유하고 싶은 도시 퀘벡 등 볼거리 가득한 미국, 캐나다 동부를 품격있게 즐겨보세요.",#관광 #관광 #브루클린의여유#다채로운추억#자유의여신상과함께#노쇼핑여행#뉴욕관광코스#나이아가라폭포여행#뉴욕투어#나이아가라크루즈#퀘벡시티관광,"8박 10일, 국적기, 쇼핑없음, 단체여행, 가이드경비없음, 선택관광있음","6,399,000",https://hope.hanatour.com/trp/pkg/CHPC0PKG0200M200?pkgCd=HEP112250906OZA&prePage=major-products
HCP111250906WS1,[특가][출발확정][캘거리 직항] 캐나다 항공일주 8일 #존스턴 캐년 이지 트레킹 #로키 설상차 #나이아가라 폭포뷰 2박 #나이아가라 아울렛 #폭포 전망 스테이크,캘거리 직항으로 로키와 나이아가라를 한 번에! 나이아가라 폭포뷰 호텔 2박 연박으로 마음껏 즐기는 나만의 나이아가라 즐기기,#관광 #관광 #폭포앞여유#로키의경이로움#아름다운자연속#캐나다여행#나이아가라폭포투어#캘거리관광#존스톤캐년트레킹#로키설상차탑승#나이아가라아울렛,"6박 8일, 외국항공경유있음, 쇼핑 1회, 단체여행, 가이드경비 CAD 169, 선택관광있음","4,799,000",https://hope.hanatour.com/trp/pkg/CHPC0PKG0200M200?pkgCd=HCP111250906WS1&prePage=major-products
HCP133250904KE1,[실시간 항공] 캐나다 항공일주 10일 #퀘벡&몬트리올 시내숙박 #로키 곤돌라&설상차 #캐필라노 서스펜션 브릿지 #나이아가라 고층 폭포뷰 2박,"더욱 풍성해진 캐나다 항공일주! 캐필라노와 로키에서 캐나다의 대자연을 마음껏 즐기고, 퀘벡과 몬트리올의 다운타운에서 분위기를 느끼고, 나이아가라 고층폭포뷰 2박으로 환상적인 풍경을 즐겨보세요.",#관광#다이닝/미식 #관광 #나이아가라폭포뷰숙소#로키의자연과함께#밴쿠버자유시간#캐나다항공여행#나이아가라폭포투어#퀘벡몬트리올관광#캐나다식도시여행#로키곤돌라탑승#캐필라노서스펜션브릿지,"8박 10일, 국적기, 쇼핑없음, 단체여행, 가이드경비없음, 선택관광있음","8,127,600",https://hope.hanatour.com/trp/pkg/CHPC0PKG0200M200?pkgCd=HCP133250904KE1&prePage=major-products
SSP130250901KEA,[Hola Latin!] 중남미 완전일주 22일 #파타고니아 모레노 빙하 #우유니 소금사막 #마추픽추 #이과수폭포 #칸쿤올인클루시브 3박,✨버킷리스트 몰아서 달성하는 중남미 6개국 완전 정복! 여행의 완성도를 높여줄 하나투어만의 프리미엄 일정으로 떠나보세요.,#관광 #관광 #설레는여행#황홀한자연경관#잊지못할추억#중남미여행#칸쿤올인클루시브#파타고니아빙하투어#이과수폭포체험#마추픽추탐방#우유니소금사막,"18박 22일, 국적기, 쇼핑없음, 단체여행, 인솔자동행, 가이드경비없음, 선택관광없음","23,090,000",https://hope.hanatour.com/trp/pkg/CHPC0PKG0200M200?pkgCd=SSP130250901KEA&prePage=major-products
JTP140250902OZM,[출발확정] 도쿄/하코네 4일 #후지산절경 #준특급호텔 #디즈니랜드 #해리포터스튜디오 #온천체험,"전일정 준특급 호텔에 숙박하며, 색다른 도쿄를 즐겨보실 수 있는 꽉 찬 일정의 상품입니다.",#관광 #관광 #가족과함께여행#설레는일정선택#아름다운자연경관#도쿄하코네여행#해리포터스튜디오#후지산여행코스#하코네로프웨이탑승#아사쿠사관광#하마리큐온시정원,"3박 4일, 국적기, 쇼핑없음, 단체여행, 인솔자동행, 선택관광없음","1,179,900",https://hope.hanatour.com/trp/pkg/CHPC0PKG0200M200?pkgCd=JTP140250902OZM&prePage=major-products
JOP1312509017CE,[출발확정][홈쇼핑 에디션] 오사카/교토/나라/고베 3일 #교토산책 #금각사 #가성비추천 #쇼핑천국 #일루미네이션즐기기,간사이의 핵심만 담았다! 화려한 도심 오사카와 고즈넉한 교토 그리고 사슴의 도시 나라 그리고 낭만 항구 고베를 모두 즐길 수 있는 상품입니다.,#관광 #관광 #반짝이는밤#역사의향기#사슴과함께#오사카여행#교토관광코스#가성비여행#도톤보리야경#금각사관광#고베하버랜드탐방,"2박 3일, LCC, 쇼핑 1회, 단체여행, 인솔자동행, 가이드경비 JPY 3000, 선택관광없음","609,900",https://hope.hanatour.com/trp/pkg/CHPC0PKG0200M200?pkgCd=JOP1312509017CE&prePage=major-products
JKP130250901TWX,[100%출발확정]★무조건출발★[특가] 규슈/사가/이마리 3일 #완판행진 #레전드패키지 #요즘대세소도시여행 #사가온천호텔2박 #낭만유후인 #핫플라라포트후쿠오카,"여유롭게 사가 소도시 여행을 만끽할 수 있는 추천 패키지 여행 상품입니다. 오픈만 되면 완판행진 레전드 패키지 상품입니다. 고민은 출발만 늦출 뿐, 지금 바로 예약하세요",#관광 #따뜻한온천힐링#소도시의여유#즐거운가족여행#규슈온천여행#사가여행코스#유후인관광#사가온천호텔#벳부지옥온천체험#라라포트후쿠오카,"2박 3일, LCC, 쇼핑 1회, 단체여행, 인솔자동행, 가이드경비 JPY 3000, 선택관광없음","349,900",https://hope.hanatour.com/trp/pkg/CHPC0PKG0200M200?pkgCd=JKP130250901TWX&prePage=major-products
JSP1482509017CW,[출발확정][스마트초이스]홋카이도 4일 #무지개반짝이는 #후라노&비에이 #로프웨이탑승 #전일정스파 #도야불꽃놀이 #3대게무제한,그림같은 풍경이 인상적인 후라노&비에이에서 자연의 신비로움을 만나고 홋카이도의 다양한 맛을 경험해볼 수 있는 일정입니다.,#관광 #관광 #자연속의여유#설레는여행#황홀한풍경#홋카이도여행#후라노비에이관광#도야호수불꽃놀이#우스잔로프웨이체험#오타루운하탐방#삿포로맥주박물관,"3박 4일, LCC, 쇼핑 1회, 단체여행, 인솔자동행, 가이드경비 JPY 4000, 선택관광없음","1,329,000",https://hope.hanatour.com/trp/pkg/CHPC0PKG0200M200?pkgCd=JSP1482509017CW&prePage=major-products
JWP137250901TWA,[출발확정]오키나와 3일 #갓성비 #나하시내숙박(온천♨) #츄라우미수족관 #오키짱쇼 #국제거리 #아메리칸빌리지 #자유식,나하 시내에 인접한 호텔 숙박으로 오키나와의 핵심 스팟을 알차게 즐길 수 있는 상품입니다.,#관광 #관광 #푸른바다의여유#설레는여행#아름다운인생샷#오키나와여행#나하관광코스#츄라우미수족관#아메리칸빌리지#만좌모관광#우미카지테라스탐방,"2박 3일, LCC, 쇼핑 1회, 단체여행, 인솔자동행, 가이드경비 JPY 3000, 선택관광없음","599,000",https://hope.hanatour.com/trp/pkg/CHPC0PKG0200M200?pkgCd=JWP137250901TWA&prePage=major-products
JTP140250901TWM,도쿄/하코네 4일 #후지산절경 #준특급호텔 #디즈니랜드 #해리포터스튜디오 #온천체험,"전일정 준특급 호텔에 숙박하며, 색다른 도쿄를 내 마음대로 골라 즐겨보실 수 있는 꽉 찬 일정의 상품입니다.",#관광 #관광 #가족과함께여행#설레는일정선택#자연속힐링#도쿄디즈니랜드#하코네온천체험#후지산관광#하코네관광지투어#도쿄문화체험#도쿄여행코스추천,"3박 4일, LCC, 쇼핑없음, 단체여행, 인솔자동행, 선택관광있음","1,019,900",https://hope.hanatour.com/trp/pkg/CHPC0PKG0200M200?pkgCd=JTP140250901TWM&prePage=major-products
JTP130250901ZEW,도쿄/야마나시/요코하마 3일 #후지산 조망 #온천호텔2박♨ #야마나시 절경 #로프웨이탑승 #MD 추천,도쿄부터 도쿄근교까지 핵심만 콕콕! 야마나시의 절경을 조망하며 인생샷을 남길 수 있는 포인트를 관광하는 일정입니다.,#관광 #관광 #안락한호텔휴식#여행의설렘#자연속의조화#일본여행코스#요코하마가볼곳#온천여행추천#유라쿠조온천체험#쇼센쿄관광#야마시타공원투어,"2박 3일, LCC, 쇼핑 1회, 단체여행, 자유일정포함, 가이드경비 JPY 3000, 선택관광없음","809,900",https://hope.hanatour.com/trp/pkg/CHPC0PKG0200M200?pkgCd=JTP130250901ZEW&prePage=major-products
JOB138250901BXK,오사카 자유여행 3일 #케이한 텐마바시 에키마에 호텔 #4성급호텔 #텐마바시역도보3분 #시내중심숙박 #단풍명소 #도보이동 #스탠다드 세미더블,"미식, 쇼핑, 볼거리 모든 것을 다 갖춘 여행지 오사카에서 나만의 일정을 즐겨보세요.",#관광 #여유로운일상#설레는여행#황홀한경험#오사카자유여행#유니버설스튜디오투어#일본현지투어#케이한텐만바시호텔#오사카햅파이브관람차#교토나라고베투어,"2박 3일, LCC, 쇼핑없음, 단체여행, 자유일정포함, 선택관광없음","349,900",https://hope.hanatour.com/trp/pkg/CHPC0PKG0200M200?pkgCd=JOB138250901BXK&prePage=major-products
JOP1752509017CN,[한정특가] 오사카/USJ/고베 3일 #아침출발_저녁도착 #유니버설스튜디오재팬 #시내중심 #난바숙박 #쇼핑천국 #가성비추천 #낭만항구도시,알찬 2박 3일☆ 오사카의 인기 관광지인 유니버설 스튜디오 재팬을 포함한 오사카의 핵심관광을 모두 경험하실 수 있는 가성비 좋은 상품입니다.,#관광 #관광 #여유로운오사카여행#설레는유니버설스튜디오#황홀한고베야경#오사카여행추천#유니버설스튜디오관람#고베관광코스#고베하버랜드탐방#도톤보리맛집투어#오사카성관광,"2박 3일, LCC, 쇼핑 1회, 단체여행, 인솔자동행, 가이드경비 JPY 3000, 선택관광없음","709,900",https://hope.hanatour.com/trp/pkg/CHPC0PKG0200M200?pkgCd=JOP1752509017CN&prePage=major-products
JKP140250901TWO,규슈 4일 #자연속힐링온천 #기사가이드팁포함 #힐튼호텔 #하이플로워업그레이드 #쿠쥬꽃공원 #아소대관봉 #유후인&벳부 #맛있는여행,벳푸역 주변 온천호텔과 자연 속 온천호텔 숙박&특급호텔 '힐튼 후쿠오카 씨호크' 까지. 광활한 자연을 품은 이색 관광지는 물론 알차게 3박 4일 여행을 즐겨보세요!,#힐링휴양 #관광 #물의도시야나가와#온천의여유#따뜻한여행#규슈온천여행#유후인관광코스#벳부여행추천#벳부가마도지옥체험#아소대관봉관광#하카타포트타워탐방,"3박 4일, LCC, 쇼핑없음, 단체여행, 인솔자동행, 가이드경비없음, 선택관광없음","999,900",https://hope.hanatour.com/trp/pkg/CHPC0PKG0200M200?pkgCd=JKP140250901TWO&prePage=major-products
EWP131250901KEE,[출발확정]서유럽 4국 10일 #전 일정 4성 #시내호텔1박 #융프라우 #에펠탑/세느강 유람선 #베네치아 대운하투어 #토스카나 와이너리 #런던,"서유럽 베스트셀러!! 서유럽을 대표하는 영국, 프랑스,스위스,이탈리아를 여유롭고 깊이있게 관광하는 알찬 여행입니다.",#다이닝/미식 #관광 #유럽의로맨틱#고요한유럽여행#여유로운탐방#서유럽여행#유럽관광코스#유럽식도락여행#파리유람선투어#베네치아대운하투어#융프라우등정투어,"8박 10일, 국적기, 쇼핑없음, 단체여행, 인솔자동행, 가이드경비없음, 선택관광없음","6,359,000",https://hope.hanatour.com/trp/pkg/CHPC0PKG0200M200?pkgCd=EWP131250901KEE&prePage=major-products
EWP141250901KEA,이탈리아 일주 9일#5성급 1박+시내1박 #12대특식 #2대옵션포함 #친퀘테레 #토스카나 와이너리,"1개국만 알찬 일정으로 역사와 문화, 예술이 가득한 이탈리아를 관광하는 상품입니다.",#관광+자유#관광 #관광 #로마의낭만#친퀘테레의아름다움#이탈리아의맛있는여행#이탈리아여행#친퀘테레투어#로마관광추천#베네치아대운하투어#몬테풀치아노와이너리#피사의사탑관광,"7박 9일, 국적기, 쇼핑없음, 단체여행, 인솔자동행, 가이드경비없음, 선택관광있음","6,689,000",https://hope.hanatour.com/trp/pkg/CHPC0PKG0200M200?pkgCd=EWP141250901KEA&prePage=major-products
EWP136250901TKZ,[비즈니스탑승] 이탈리아 스위스 9일#시내호텔1박 #융프라우요흐 #리기산악열차 #티볼리빌라데스테 #로마벤츠투어 #베네치아대운하,청정자연 스위스와 유네스코 세계 문화 유산의 천국 이탈리아를 관광하는 서유럽 2개국 상품입니다.,#관광 #관광 #환상적인로마#자연속여유#두근거리는여행#노쇼핑여행#유럽투어전문#여행코스추천#로마관광지투어#베네치아여행#인터라켄자연체험,"7박 9일, 외국항공경유있음, 쇼핑없음, 단체여행, 인솔자동행, 가이드경비없음, 선택관광없음","7,849,000",https://hope.hanatour.com/trp/pkg/CHPC0PKG0200M200?pkgCd=EWP136250901TKZ&prePage=major-products
EEP133250902OZU,"[출발확정] 동유럽 3국 9일#프라하시내호텔 #잘츠캄머구트유람선 #맛집체험 #판도르프아울렛 #2대야간투어 #할슈타트 #체코,오스트리아,헝가리","동유럽 베스트셀러! 동유럽 강력 추천여행! 헝가리,체코,오스트리아를 보다 여유롭게 관광하는 상품입니다.",#관광+자유#다이닝/미식 #관광 #자유로운여유#로맨틱한여행#황홀한풍경#노쇼핑여행#동유럽특별여행#푸짐한식사여행#부다페스트관광#프라하성투어#잘츠부르크관광,"7박 9일, 국적기, 쇼핑없음, 단체여행, 인솔자동행, 가이드경비없음, 선택관광있음","4,499,000",https://hope.hanatour.com/trp/pkg/CHPC0PKG0200M200?pkgCd=EEP133250902OZU&prePage=major-products
EEP134250902KE0,"[출발확정] 동유럽 4국 9일 #프라하시내호텔 #비엔나2대궁전투어 #할슈타트 #맛집체험 #프라하&부다페스트야간투어 #체코,오스트리아,헝가리,독일",핵심 동유럽의 대도시와 소도시를 한번에 다 볼 수 있는 만족도 높은 코스입니다. 노련한 인솔자와 함께 편안한 여행을 도와드립니다.,#관광#다이닝/미식 #관광 #로맨틱한여행#여유로운프라하#맛있는여행#동유럽여행#프라하관광코스#비엔나투어#프라하야경투어#할슈타트관광#부다페스트온천,"7박 9일, 국적기, 쇼핑없음, 단체여행, 인솔자동행, 가이드경비없음, 선택관광없음","3,999,000",https://hope.hanatour.com/trp/pkg/CHPC0PKG0200M200?pkgCd=EEP134250902KE0&prePage=major-products
EBP132250901KEA,[출발확정] 발칸 2국 크로아티아/슬로베니아 9일 #두브로브니크성벽투어 #블레드성 #해안가호텔 #플리트비체 #스플리트 #전일정 4성호텔,"발칸의 대표적인 2국 크로아티아, 슬로베니아를 관광하는 알찬 여행! 요정이 살아있는 듯한 플리트비체 호수와 포스토이나 동굴 등 아드리아해안을 따라 찬란한 문화유산과 아름다운 절경이 함께 펼쳐집니다.",#관광 #관광 #역사속여행#자연과함께하는여행#설레는유럽여행#발칸여행추천#크로아티아슬로베니아투어#유럽안전여행#두브로브니크성벽투어#블레드성관광#플리트비체국립공원,"7박 9일, 국적기, 쇼핑없음, 단체여행, 인솔자동행, 가이드경비없음, 선택관광없음","4,549,000",https://hope.hanatour.com/trp/pkg/CHPC0PKG0200M200?pkgCd=EBP132250901KEA&prePage=major-products
ESP131250905TWG,[공식인증전용][출발확정] 스페인 일주 9일 #국적기직항 #전일정4성호텔 +시내호텔1박 #플라멩코공연 #몬세라트수도원 #코르도바 #파라도르티타임+루프탑 #바르셀로나&마드리드자유시간,스페인 필수 관광지를 모두 포함한 하나투어 베스트 상품 입니다. 스페인에서 꼭 먹어야 할 10가지 음식과 함께합니다.,#관광#다이닝/미식 #관광 #로맨틱한바르셀로나#설레는여행#황홀한스페인#스페인일주여행#바르셀로나자유시간#마드리드투어#프라도미술관관람#몬세라트수도원탐방#플라멩코공연관람,"7박 9일, LCC, 쇼핑없음, 단체여행, 인솔자동행, 가이드경비없음, 선택관광있음","4,040,000",https://hope.hanatour.com/trp/pkg/CHPC0PKG0200M200?pkgCd=ESP131250905TWG&prePage=major-products
EMP1332509273UA,[출발확정][추석연휴] 이집트 일주 11일 #카이로 나일강변 특급 호텔 3박UP #국내선1회 #후르가다 2박 #나일크루즈 #투탕카문의 무덤,전일정 엄선된 5성급 호텔과 나일 크루즈 탑승 그리고 쇼핑 없이 이집트 일주를 즐기실 수 있는 하나팩 2.0 상품입니다.,#관광 #관광 #고대문명탐험#아름다운나일강여행#이집트의맛탐방#이집트여행#카이로관광#나일크루즈여행#후르가다올인클루시브#사카라유적탐방#투탕카멘무덤관광,"9박 11일, 외국항공경유있음, 쇼핑없음, 단체여행, 자유일정포함, 인솔자동행, 가이드경비없음, 선택관광있음","6,399,000",https://hope.hanatour.com/trp/pkg/CHPC0PKG0200M200?pkgCd=EMP1332509273UA&prePage=major-products
FCP131250903KEA,아프리카 일주 5개국+두바이 13일 #대한항공 탑승 #5성호텔 6박 #4대 사파리 #빅토리아폭포 #희망봉과 테이블마운틴 #두바이 관광,동물의 왕국 아프리카의 진정한 사파리 체험과 세계3대폭포로 유명한 빅토리아폭포 그리고 매력적인 도시 케이프타운까지 가장 인기있는 관광지들만을 엄선하여 품격있게 즐기실 수 있습니다.,#관광 #관광 #아프리카의매력#사파리에서의모험#두바이의황홀한풍경#아프리카여행#두바이관광#사파리투어#빅토리아폭포체험#마사이마라사파리#케이프타운관광,"9박 13일, 국적기, 쇼핑없음, 단체여행, 인솔자동행, 가이드경비없음, 선택관광있음","12,990,000",https://hope.hanatour.com/trp/pkg/CHPC0PKG0200M200?pkgCd=FCP131250903KEA&prePage=major-products
EAP131250902KED,"두바이/아부다비 6일 #한인가이드 전일정 안심동행 #금커피 #그랜드모스크 야경 #3대 전망대 #5성호텔 두바이3박,아부다비 1박","두바이와 아부다비의 다수 입장지를 포함한 유명관광지를 가이드와 함께 투어하는 알찬 스케줄로 구성되어 있어, 별도의 옵션투어가 필요 없는 일정입니다. 아부다비 숙박을 통해 여유있는 아부다비 관광이 가능합니다.",#관광 #관광 #사막의황홀함#아부다비의여유#두바이의로맨스#두바이여행#아부다비관광#사막사파리투어#두바이프레임관람#그랜드모스크야경#루브르아부다비관람,"4박 6일, 국적기, 쇼핑없음, 단체여행, 가이드경비없음, 선택관광없음","3,190,000",https://hope.hanatour.com/trp/pkg/CHPC0PKG0200M200?pkgCd=EAP131250902KED&prePage=major-products
CQX71025090100L,[출발확정]몽골/테렐지 4일 #현지출발#항공권별도#현대식게르#5성급#초원승마#푸르공#이지트레킹,몽골 앓이 시작! 드넓은 초원에서 승마 체험과 게르 숙박하며 밤하늘의 별까지 볼 수 있는 초원 투어로 꾸준히 판매가 되고 있는 베스트셀러 일정,#체험/클래스#휴양+레저#관광 #관광 #별빛속의하룻밤#몽골의자연을느끼다#설레는몽골여행#몽골테렐지여행#몽골전통체험#초원승마투어#테렐지국립공원투어#몽골전통공연관람#승마체험코스,"3박 4일, 항공불포함, 쇼핑없음, 단체여행, 가이드경비없음, 선택관광있음","590,000",https://hope.hanatour.com/trp/pkg/CHPC0PKG0200M200?pkgCd=CQX71025090100L&prePage=major-products
CHP101250901YPW,[출발확정/선착순특가]홍콩/마카오 3일 #베스트셀러#스마트초이스#4성호텔,[가성비+가심비] 합리적인 가격으로 홍콩/마카오 2개국의 핵심 명소를 한 번에 여행해보세요.,#관광#관광+자유#역사/인문학 #관광 #홍콩의추억#설레는마카오#고요한해변산책#홍콩마카오여행#인천에서홍콩#마카오관광코스#빅토리아피크투어#헐리우드로드탐방#연인의거리산책,"2박 3일, LCC, 쇼핑 4회, 단체여행, 가이드경비 USD 30, 선택관광있음","489,000",https://hope.hanatour.com/trp/pkg/CHPC0PKG0200M200?pkgCd=CHP101250901YPW&prePage=major-products
CMP1742509017CB,마카오 3일 #ALL포함#럭셔리5성#호캉스#오전자유+오후관광#식사UP#노쇼핑#오전출발,"[호캉스, 마카오] 코타이스트립 위치 럭셔리 5성 호텔에서 호캉스! 오전자유+오후관광으로 여유로운 일정! #가족여행추천",#관광+자유#다이닝/미식#2030 #관광 #감동의마카오#로맨틱한여행#맛있는여정#마카오여행기록#중식특식체험#마카오관광명소#피셔맨즈와프관람#마카오타워전망대#세나도광장투어,"2박 3일, LCC, 쇼핑없음, 단체여행, 가이드경비없음, 선택관광없음","1,069,000",https://hope.hanatour.com/trp/pkg/CHPC0PKG0200M200?pkgCd=CMP1742509017CB&prePage=major-products
CFP105250903OZH,우즈베키스탄 7일 #ALL포함#완전일주#사마르칸트#부하라#히바#이찬칼라#아야즈칼라,[Discovery Uzbekistan] 실크로드 고대도시의 화려한 건축물과 전통문화까지! 우즈베키스탄을 완전일주하며 모든 것을 경험해보세요.,#역사/인문학#관광 #관광 #고요한여행길#이국적인풍경#설레는문화탐방#우즈베키스탄여행#SAFETYANDJOY여행#4인이상출발#타슈켄트관광#사마르칸트투어#부하라여행,"5박 7일, 국적기, 쇼핑없음, 단체여행, 가이드경비없음, 선택관광없음","2,999,000",https://hope.hanatour.com/trp/pkg/CHPC0PKG0200M200?pkgCd=CFP105250903OZH&prePage=major-products
CFP114250901ZEM,[2030전용] 카자흐스탄 6일 #3色캐니언#카인디&콜사이#아씨고원#캠프파이어,[Discovery Kazakhstan] 손길이 닿지 않은 광활한 대자연! 짧은 일정으로 카자흐스탄의 대도시 알마티와 경이로운 자연경관을 느껴보세요.,#밍글링 투어 #관광 #대자연의황홀함#설레는여행기억#아름다운호수풍경#카자흐스탄여행#알마티핫플#2030여행추천#차른캐니언투어#콜사이호수탐방#카인디호수체험,"4박 6일, LCC, 쇼핑없음, 단체여행, 인솔자동행, 가이드경비없음, 선택관광없음","1,799,000",https://hope.hanatour.com/trp/pkg/CHPC0PKG0200M200?pkgCd=CFP114250901ZEM&prePage=major-products
CFP135250907OZA,[출발확정] 중앙아시아 7일 #카자흐#키르기스#2국여행#ALL포함#노쇼핑#노옵션#5성호텔3박,"[Discovery Central Asia] 키르기스스탄과 카자흐스탄 2국을 여행하며, 두 국가의 매력을 깊이있게 발견해 보세요.",#관광#역사/인문학 #관광 #자연속여유#황홀한경치#설레는여행#카자흐스탄여행#키르기스스탄투어#노쇼핑여행#알마티관광#차른캐니언트레킹#이식쿨호수체험,"5박 7일, 국적기, 쇼핑없음, 단체여행, 가이드경비없음, 선택관광없음","2,749,000",https://hope.hanatour.com/trp/pkg/CHPC0PKG0200M200?pkgCd=CFP135250907OZA&prePage=major-products
CCP103250901OZX,상해/주가각 4일 #1일자유#노쇼핑#5성급 #맛집투어#상해3박#시내호텔 #스타벅스리저브,내 마음대로 1일 자유일정이 포함된 상해 세미 패키지 상품,#관광+자유#관광 #관광 #상해의추억남기기#여유로운상해여행#힐링하는상해#중국무비자여행#상해관광추천#상해1일투어#상해관광지투어#주가각방생교관광#상해디즈니랜드투어,"3박 4일, 국적기, 쇼핑없음, 단체여행, 자유일정포함, 가이드경비 USD 30, 선택관광있음","549,000",https://hope.hanatour.com/trp/pkg/CHPC0PKG0200M200?pkgCd=CCP103250901OZX&prePage=major-products
CBP111250901KEA,북경/천진 4일#핵심관광 #만리장성 #천안문 #서커스 #북경오리구이,'베이징' 핵심일정을 여행하는 상품입니다. 포함된 일정 이외에 선택관광을 통해 더 많은 경험을 하실 수 있습니다.,#관광#역사/인문학 #관광 #북경의매력#역사속여행#설레는여행#북경여행추천#맛있는북경#서울에서북경#만리장성투어#이화원관광#베이징서커스,"3박 4일, 국적기, 쇼핑 3회, 단체여행, 가이드경비 USD 40, 선택관광있음","362,000",https://hope.hanatour.com/trp/pkg/CHPC0PKG0200M200?pkgCd=CBP111250901KEA&prePage=major-products
CDP101250901CZA,하얼빈 4일 #중국속의 유럽 #색다른 중국 #역사투어까지 #한국인이라면 꼭 한 번쯤!,중국속의 유럽 하얼빈! 독립운동 발자취와 더불어 유럽같은 풍경의 하얼빈을 즐기실 수 있는 상품입니다.,#관광#역사/인문학 #관광 #역사속여행#감동적인기억#영화속하얼빈#하얼빈역사투어#중국여행필수코스#하얼빈여행추천#안중근기념관#하얼빈음악갤러리#성소피아성당,"3박 4일, 외국항공, 쇼핑없음, 단체여행, 가이드경비 USD 40, 선택관광있음","749,000",https://hope.hanatour.com/trp/pkg/CHPC0PKG0200M200?pkgCd=CDP101250901CZA&prePage=major-products
CAP1012509027C8,[타임세일][스마트초이스]칭다오(청도) 3일#인터컨티넨탈 호텔 #NO팁NO옵션 #불야성&운상해천 전망대 포함 #전일정 특식,4명만 모이면 출발확정 ! 시내 5성급 호텔 숙박! 가이드/기사 경비&인기옵션 ALL포함으로 떠나기 좋은 패키지입니다.,#관광 #관광 #두근거리는여행#청도의아름다움#로맨틱한바다#청도여행추천#칭다오명소투어#청도맛집탐방#칭다오맥주박물관#운상해천전망대#5.4광장야경,"2박 3일, LCC, 쇼핑 1회, 단체여행, 가이드경비없음, 선택관광없음","609,000",https://hope.hanatour.com/trp/pkg/CHPC0PKG0200M200?pkgCd=CAP1012509027C8&prePage=major-products
PGB275250901LJ1,[저녁출발] 괌 5일 #리가로얄 #오션뷰룸 #공항왕복셔틀 #자유여행 #쇼핑몰무료셔틀,해당상품은 쇼핑센터에 방문하지 않습니다.,#관광 #하파데이인사#여유로운괌자유#가고싶은괌일상#괌여행추천#괌자유여행#괌식도락여행#괌관광정보#하나투어스마트카드#SHERATON호텔투어,"4박 5일, LCC, 쇼핑없음, 단체여행, 자유일정포함, 선택관광있음","619,000",https://hope.hanatour.com/trp/pkg/CHPC0PKG0200M200?pkgCd=PGB275250901LJ1&prePage=major-products
PGP125250901LJ1,[저녁출발] 괌 5일 #두짓타니 #디럭스오션프론트룸 #호텔조식 #NEW시내관광 #미니바 #레이트체크아웃 #쇼핑몰무료픽드랍,해당상품은 쇼핑센터에 방문하지 않습니다.,#관광+자유 #관광 #괌에서의여유#괌의아름다움#설레는괌여행#괌여행코스#괌자유일정#노쇼핑여행#두짓타니괌리조트#괌관광지투어#괌가이드미팅,"4박 5일, LCC, 쇼핑없음, 단체여행, 자유일정포함, 가이드경비없음, 선택관광있음","1,019,000",https://hope.hanatour.com/trp/pkg/CHPC0PKG0200M200?pkgCd=PGP125250901LJ1&prePage=major-products
PSB1152509017CW,[저녁출발] 사이판 5일 #마리아나비치(구 하얏트) #시내중심 #가든뷰 #호텔조식 #레이트체크아웃 #자유여행,가라판 시내 중심에 위치하여 아름다운 마이크로비치와 정원을 자랑하는 마리아나비치 리조트로 초대합니다.,#관광 #트로피컬정원산책#안락한해변휴식#사이판의낭만#사이판자유여행#사이판관광추천#마리아나비치여행#사이판가라판투어#마나가하섬체험#사이판시내관광,"4박 5일, LCC, 쇼핑없음, 단체여행, 자유일정포함, 선택관광있음","569,000",https://hope.hanatour.com/trp/pkg/CHPC0PKG0200M200?pkgCd=PSB1152509017CW&prePage=major-products
PSB2352509017CW,[저녁출발] 사이판 5일 #월드리조트 #최대워터파크 #슈페리어 #골드카드 #레이트체크아웃 #자유여행,사이판 최대 규모를 자랑하는 월드리조트의 테마형 워터파크에서 비교할 수 없는 짜릿한 즐거움을 선사합니다. 20~30대 젊은 층과 아동동반 여행에 추천!,#관광 #자유로운사이판#추억이남는여행#편안한휴양지#노쇼핑여행#사이판여행#사이판호텔추천#사이판자유여행#사이판관광명소#사이판골프여행,"4박 5일, LCC, 쇼핑없음, 단체여행, 자유일정포함, 선택관광있음","1,089,000",https://hope.hanatour.com/trp/pkg/CHPC0PKG0200M200?pkgCd=PSB2352509017CW&prePage=major-products
PAP101250901TW1,시드니 6일 #포트스티븐스 돌핀와칭크루즈 #모래사막썰매 #하버크루즈 #블루마운틴 트레킹 #4성급 호텔,호주 대표 도시♥시드니를 집중 여행하는 알찬 일정!,#관광 #관광 #호주에서의여유#설레는시드니여행#자연속의감동#호주여행추천#시드니관광코스#액티비티가득여행#시드니하버크루즈#블루마운틴힐링투어#포트스티븐스자연체험,"4박 6일, LCC, 쇼핑 3회, 단체여행, 가이드경비 USD 60, 선택관광있음","1,269,000",https://hope.hanatour.com/trp/pkg/CHPC0PKG0200M200?pkgCd=PAP101250901TW1&prePage=major-products
PAP105250906OZA,[스마트 초이스] 시드니/멜버른 7일 #그레이트오션로드 #멜버른핵심투어 #오페라하우스 내부관람 #블루마운틴 시닉 4종 #4성급 호텔,"★호주여행 이거 하나면 되요!★유럽풍의 멜버른, 오페라하우스가 있는 시드니까지 !호주 만끽하기",#관광 #관광 #설레는호주여행#자연속힐링#고풍스러운멜버른#멜버른핵심투어#그레이트오션로드여행#시드니관광코스#블루마운틴투어#오페라하우스관람#멜버른커피체험,"5박 7일, 국적기, 쇼핑 2회, 단체여행, 가이드경비 USD 70, 선택관광있음","3,169,000",https://hope.hanatour.com/trp/pkg/CHPC0PKG0200M200?pkgCd=PAP105250906OZA&prePage=major-products
PAG101250904JQA,[다색골프] 브리스베인/골드코스트 6일#다색골프 # 18홀X3회# 로얄파인즈 외 2곳#5성급호텔,해당상품은 쇼핑센터에 방문하지 않습니다.,#골프#다색골프 #관광 #여유로운골프여행#설레는호주탐방#잔잔한바다임장#골드코스트골프여행#호주여행코스#안심여행추천#브리즈번관광#사우스뱅크파크랜드#RACV로얄파인스골프,"5박 6일, 외국항공, 쇼핑없음, 단체여행, 가이드경비없음, 선택관광있음","4,439,000",https://hope.hanatour.com/trp/pkg/CHPC0PKG0200M200?pkgCd=PAG101250904JQA&prePage=major-products
PNP101250907KE1,♥출발확정♥[타임세일][좌석확보] 뉴질랜드 남북섬 핵심일주 9일 #베스트셀러 #밀포드사운드 #마운트쿡 #와이키테밸리핫풀 #하무라나스프링스 #전일정 4성급 호텔,장엄한 뉴질랜드의 대자연을 마주하다. 뉴질랜드 인기 도시 총집합 ★퀸스타운. 오클랜드.로토루아★,#관광 #관광 #경이로운자연경관#설레는모험여행#평화로운숲속산책#뉴질랜드여행#퀸스타운관광#밀포드사운드투어#마운트쿡관광#로토루아온천체험#해밀턴가든투어,"7박 9일, 국적기, 쇼핑 4회, 단체여행, 가이드경비 USD 90, 선택관광있음","3,199,000",https://hope.hanatour.com/trp/pkg/CHPC0PKG0200M200?pkgCd=PNP101250907KE1&prePage=major-products
PNZ155250901KE1,뉴질랜드 남/북섬 9일 #남섬 아주르 롯지/북섬 후카 롯지 #힐링 #자연 #온천 #헬기투어 #로토루아 관광 #테 푸이아 #타우포 관광,남섬 퀸스타운에 위치한 아주르 롯지는 언덕 꼭대기에 위치해 있어 아름다운 호수를 바라볼 수 있으며 북섬 후카 롯지는 이미 많은 셀럽들이 찾는 만큼 설명이 필요 없는 세계적인 최고급 롯지입니다.,#힐링휴양 #관광 #대자연속휴식#설렘가득여정#멋진풍경감상#노쇼핑여행#안심여행#뉴질랜드여행#와이토모동굴탐방#밀포드사운드헬기#크라이스트처치관광,"7박 9일, 국적기, 쇼핑없음, 우리끼리, 자유일정포함, 가이드경비없음, 선택관광없음","21,000,000",https://hope.hanatour.com/trp/pkg/CHPC0PKG0200M200?pkgCd=PNZ155250901KE1&prePage=major-products
PNZ135250901KE1,뉴질랜드 남/북섬 11일 #와이헤케 섬 2박 #델라모어 롯지 #로토루아 #경비행기 #테카포 #밀포드 사운드 #마운트쿡 #헬기투어 #온천,"뉴질랜드 사람들이 사랑하는 섬 중에서는 가장 유명한 곳, 와이헤케 섬에서의 하룻밤!",#관광#힐링휴양 #관광 #설레는해외여행#아름다운자연속에서#광활한신비함#노쇼핑여행#뉴질랜드자유여행#SAFETY&JOY여행#와이헤케섬투어#밀포드사운드헬기투어#로토루아호수관광,"9박 11일, 국적기, 쇼핑없음, 우리끼리, 가이드경비없음, 선택관광없음","20,500,000",https://hope.hanatour.com/trp/pkg/CHPC0PKG0200M200?pkgCd=PNZ135250901KE1&prePage=major-products
