user_id_A,user_id_B,score
1,51,5
1,75,4
1,79,5
1,34,1
1,59,1
1,63,1
2,99,4
2,20,4
2,23,5
2,83,1
2,19,2
2,84,2
3,77,4
3,96,4
3,42,4
3,90,1
3,24,1
3,99,1
4,74,5
4,35,4
4,6,4
4,65,1
4,69,2
4,2,1
5,34,4
5,9,4
5,63,4
5,68,1
5,12,1
5,17,2
6,42,5
6,57,5
6,10,4
6,90,1
6,99,2
6,91,1
7,63,4
7,34,4
7,98,4
7,96,1
7,9,1
7,65,1
8,12,4
8,46,4
8,61,5
8,92,2
8,26,2
8,49,2
9,79,4
9,6,5
9,12,4
9,84,1
9,45,1
9,53,1
10,26,5
10,83,4
10,20,4
10,97,2
10,79,1
10,4,1
11,80,5
11,71,4
11,1,4
11,39,1
11,4,1
11,44,1
12,71,4
12,57,5
12,78,4
12,61,2
12,92,2
12,87,2
13,18,4
13,11,5
13,3,5
13,88,2
13,58,1
13,84,2
14,71,5
14,98,5
14,26,4
14,85,2
14,57,1
14,59,2
15,69,4
15,83,4
15,86,5
15,42,2
15,54,2
15,13,2
16,24,4
16,81,5
16,5,4
16,10,2
16,88,1
16,21,1
17,77,5
17,58,4
17,15,5
17,33,1
17,97,1
17,51,1
18,5,4
18,51,4
18,71,4
18,82,1
18,88,1
18,33,2
19,73,5
19,85,4
19,39,5
19,5,2
19,94,2
19,32,2
20,64,5
20,13,4
20,45,4
20,85,2
20,14,1
20,53,1
21,41,5
21,70,4
21,31,5
21,8,2
21,63,1
21,25,1
22,73,5
22,82,4
22,42,5
22,7,2
22,6,2
22,1,1
23,8,5
23,36,5
23,62,5
23,2,2
23,81,1
23,91,1
24,55,5
24,30,4
24,1,5
24,7,2
24,32,1
24,26,2
25,52,5
25,2,4
25,15,4
25,22,2
25,12,2
25,17,2
26,25,5
26,8,4
26,44,4
26,22,2
26,42,2
26,90,1
27,49,4
27,78,4
27,64,4
27,39,1
27,84,1
27,23,1
28,20,5
28,16,5
28,100,4
28,61,1
28,63,1
28,78,2
29,89,5
29,46,4
29,97,5
29,73,2
29,47,2
29,27,2
30,69,4
30,72,4
30,77,4
30,53,2
30,48,2
30,12,2
31,62,5
31,76,4
31,40,4
31,56,2
31,84,1
31,68,1
32,25,4
32,29,4
32,57,4
32,60,2
32,58,2
32,53,2
33,5,5
33,100,5
33,88,5
33,90,2
33,69,1
33,73,2
34,44,5
34,75,5
34,95,5
34,88,1
34,23,2
34,73,1
35,45,5
35,47,5
35,48,5
35,82,1
35,89,1
35,36,2
36,6,5
36,50,4
36,56,4
36,78,1
36,57,2
36,40,1
37,8,4
37,76,5
37,25,5
37,35,2
37,11,1
37,64,2
38,41,5
38,8,4
38,19,4
38,95,1
38,18,1
38,59,1
39,50,4
39,11,4
39,100,5
39,8,1
39,99,1
39,96,2
40,81,4
40,77,5
40,86,4
40,2,2
40,52,2
40,100,2
41,60,5
41,37,4
41,38,4
41,33,2
41,73,2
41,23,1
42,10,4
42,1,4
42,60,4
42,26,1
42,32,1
42,78,1
43,65,4
43,36,5
43,39,5
43,97,1
43,12,2
43,4,2
44,79,5
44,68,4
44,20,5
44,81,1
44,83,1
44,73,2
45,50,5
45,59,4
45,77,4
45,62,2
45,94,2
45,11,1
46,2,4
46,79,5
46,28,4
46,78,1
46,65,2
46,19,1
47,32,4
47,89,5
47,10,4
47,54,1
47,15,2
47,23,1
48,91,4
48,66,5
48,68,5
48,98,2
48,87,1
48,13,1
49,1,5
49,29,5
49,70,5
49,8,2
49,100,1
49,33,1
50,36,5
50,39,5
50,77,4
50,32,1
50,66,2
50,95,2
51,43,4
51,64,4
51,46,5
51,79,1
51,90,2
51,47,2
52,73,4
52,77,5
52,90,5
52,55,2
52,20,1
52,16,1
53,75,5
53,71,4
53,27,5
53,65,2
53,89,1
53,59,2
54,48,4
54,88,5
54,18,5
54,59,1
54,81,2
54,85,2
55,95,4
55,96,5
55,14,5
55,7,1
55,84,2
55,3,2
56,86,4
56,36,4
56,4,4
56,49,2
56,65,1
56,41,1
57,27,5
57,54,4
57,65,5
57,100,2
57,60,2
57,51,1
58,74,5
58,39,5
58,1,4
58,12,1
58,34,1
58,23,2
59,14,4
59,1,4
59,61,4
59,46,1
59,96,2
59,63,2
60,11,4
60,1,5
60,99,4
60,68,1
60,71,2
60,45,2
61,80,5
61,7,5
61,72,5
61,25,2
61,93,2
61,10,1
62,61,5
62,4,4
62,95,5
62,65,2
62,45,1
62,16,1
63,90,4
63,65,4
63,37,5
63,50,2
63,30,2
63,35,1
64,36,5
64,16,4
64,72,4
64,5,2
64,46,2
64,11,1
65,82,4
65,36,5
65,41,4
65,29,1
65,78,2
65,48,1
66,7,4
66,69,5
66,73,4
66,61,2
66,60,2
66,13,1
67,42,5
67,20,5
67,45,5
67,92,2
67,39,1
67,56,2
68,37,4
68,96,5
68,48,5
68,9,1
68,41,1
68,86,1
69,57,4
69,21,5
69,3,5
69,45,2
69,52,2
69,56,1
70,80,4
70,39,5
70,9,4
70,48,1
70,54,1
70,19,2
71,66,5
71,75,5
71,79,4
71,45,1
71,35,1
71,73,1
72,7,5
72,63,4
72,70,5
72,54,2
72,5,2
72,9,2
73,98,4
73,97,5
73,29,4
73,20,2
73,71,1
73,41,2
74,19,5
74,27,5
74,56,5
74,42,2
74,34,2
74,70,2
75,17,4
75,67,5
75,44,4
75,19,1
75,34,1
75,70,2
76,47,5
76,7,5
76,87,5
76,67,1
76,74,2
76,40,2
77,67,5
77,57,5
77,17,4
77,42,1
77,18,1
77,41,2
78,11,5
78,82,5
78,87,4
78,46,2
78,42,2
78,96,1
79,11,5
79,99,5
79,65,5
79,49,1
79,83,1
79,50,1
80,69,4
80,52,5
80,54,5
80,86,2
80,73,2
80,63,2
81,3,5
81,14,4
81,13,5
81,89,2
81,43,2
81,18,1
82,12,5
82,46,5
82,85,5
82,18,2
82,56,1
82,88,1
83,96,5
83,77,4
83,71,5
83,31,1
83,18,1
83,42,2
84,75,5
84,69,4
84,68,5
84,6,1
84,65,1
84,82,1
85,25,4
85,15,4
85,99,4
85,40,1
85,91,1
85,42,1
86,38,4
86,47,5
86,13,4
86,23,1
86,57,1
86,63,2
87,43,4
87,56,5
87,29,4
87,75,2
87,85,1
87,86,1
88,34,5
88,39,5
88,83,4
88,100,1
88,35,1
88,85,1
89,64,5
89,12,5
89,71,4
89,4,1
89,35,1
89,44,1
90,63,4
90,66,4
90,68,5
90,74,2
90,45,2
90,88,2
91,63,4
91,71,5
91,98,5
91,7,2
91,36,2
91,79,1
92,77,5
92,12,4
92,81,5
92,69,2
92,21,2
92,20,1
93,57,4
93,48,4
93,49,5
93,33,1
93,20,2
93,3,1
94,44,5
94,8,4
94,62,4
94,85,2
94,74,1
94,34,2
95,93,5
95,91,4
95,28,5
95,89,1
95,18,1
95,23,1
96,88,4
96,58,5
96,29,4
96,100,1
96,93,1
96,15,1
97,35,4
97,28,4
97,42,4
97,83,2
97,68,1
97,18,2
98,24,4
98,88,4
98,49,4
98,13,1
98,71,1
98,100,1
99,18,4
99,49,4
99,11,5
99,50,1
99,22,2
99,36,1
100,38,5
100,74,4
100,27,4
100,46,2
100,99,1
100,39,1
